"id";"Verwaltungeinheit";"Entsorgungsgebiet";"PLZ";"zugeordneter_Kreis";"Unternehmen 1";"Unternehmen 2";"Abfallberater";"Adresse";"E-Mail";"Telefon";"Angebote";"Linktext 1";"Link 1";"Linktext 2";"Link 2";"Linktext 3";"Link 3"
1;;"Aachen";"52062, 52064, 52066, 52068, 52070, 52072, 52074, 52076, 52078, 52080";"Kreis Städteregion Aachen";"Aachener Stadtbetrieb (ASB)";;;"Madrider Ring 20, 52078 Aachen ";"aachener.stadtbetrieb@mail.aachen.de";"0241 432-18666";"Tipps zur Abfallvermeidung, Trennhilfe, Abfallpädagogik, Abfallbroschüre, Lehrmaterial, Führungen ";"Übersicht Abfallwirtschaft";"http://www.aachen.de/de/stadt_buerger/aachener_stadtbetrieb/leistungen/abfallwirtschaft/index.html";"Infos Abfalltrennung";"http://www.aachen.de/de/stadt_buerger/aachener_stadtbetrieb/leistungen/abfallwirtschaft/abfalltrennung/index.html";;
2;"Kreis Städteregion Aachen";;;;"Zweckverband Entsorgunsregion West (ZEW)";"AWA Entsorgung GmbH";"Regina Brück";"Zum Hagelkreuz 24, 52249 Eschweiler ";"abfallberatung@awa-gmbh.de ";"02403 8766353 ";"Didaktisch sehr gut aufbereitetes Infomaterial, Sortierhilfe in 14 Sprachen, Abfallwegweiser, Spielzeug-Tausch-Tag, Ausstellung „Lebensmittelverschwendung“, Abfallpädagogik, Umsonst-Laden, Online-Tauschportal";"Übersicht Abfallberatung";"http://www.awa-gmbh.de/abfallberatung/";"Online-Tauschportal";"http://tauschen-und-verschenken.de/list.asp";"Umsonst-Laden ÖMMESÖNZ";"http://www.awa-gmbh.de/abfallberatung/oemmezoenz/"
3;"Landkreis Ahrweiler";;;;"Abfallwirtschaftsbetrieb Landkreis Ahrweiler";;"Tobias Beckers, Lubos Caklos";"Wilhelmstraße 24-30, 53474 Bad Neuenahr-Ahrweiler ";"tobias.beckers@awb-ahrweiler.de,  lubos.caklos@awb-ahrweiler.de";"02641 975-444 /-222   ";"Geschirrmobil, „UmweltlernschulePlus“, Sortierhilfe-Flyer in sieben Sprachen, piktografische Sortierhilfe, Flusssäuberungsaktion, Leitfaden Eigenkompostierung, Infos didaktisch gut aufbereitet";"Kontakt Abfallberatung";"https://www.meinawb.de/page/50";"Sperrmüllbörse";"https://www.meinawb.de/boerse/sperrmuell/browse";"Sortierhinweise und Flyer";"https://www.meinawb.de/menu/53"
4;"Landkreis Aichach-Friedberg";;;;"Landratsamt Aichach-Friedberg";"Kommunale Abfallwirtschaft ";"Anita Thrä, Johanna Tremmel";"St.-Helena-Weg 2, 86551 Aichach ";"abfallberatung@lra-aic-fdb.de";"08251 86167-11 /-18   ";"Info-Broschüren/ Links: Sortierhilfen des Bayerischen LUA, piktografische Sortierhilfe, Allgemeine Infos zu Sammlung/ Gebühren";"Kontakt Abfallberatung";"https://lra-aic-fdb.de/landratsamt/fachbereiche/abteilung-6-umweltschutz/kommunale-abfallwirtschaft/ansprechpartner/ma-abfallberatung";"Abfall-ABC";"http://abfallwirtschaft.lra-aic-fdb.de/index.php/abfall-abc.html";;
5;"Landkreis Alb-Donau-Kreis";;;;"Landratsamt Alb-Donau-Kreis";;"Kerstin Lang ";"Schillerstraße 30, 89077 Ulm ";"kerstin.lang@alb-donau-kreis.de";"0731 185-1525";"Flyer „Abfall-Info“, Tipps zur Abfallvermeidung (umfangreich), Sortierhilfe, Gebraucht-u. Verschenkmarkt, Leitfaden Eigenkompostierung, Links";"Kontakt Abfallberatung";"http://www.alb-donau-kreis.de/umwelt/wer_macht_was.php#5";"Abfall-Infos";"http://www.alb-donau-kreis.de/umwelt/apropos.php";;
6;"Landkreis Altenburger Land";;;;"Landkreis Altenburger Land";"Dienstleistungsbetrieb Abfallwirtschaft ";;"Jüdengasse 7, 04600 Altenburg ";"awb@awb-altenburg.de";"03447 8940-41 /-42 /-43";"Abfallpädagogik in Schulen, Tipps zur Abfallvermeidung, Gebrauchtwarenannahme Sozialläden, Trennhilfen, Gebraucht- u. Verschenkmarkt";"Übersicht Abfallberatung";"http://www.awb-altenburg.de/abfallberatung/";"Abfall-ABC";"http://www.awb-altenburg.de/abfallberatung/abfall-abc/a-wie-altmedikamente/";;
7;"Landkreis Altenkirchen (Westerwald)";;;;"Kreisverwaltung Altenkirchen";"Abfallwirtschaftsbetrieb (AWB)";;"Parkstraße 8, 57610 Altenkirchen ";"abfallberatung@awb-kreis-ak.de";"02681 81-3070 ";"Abfallpädagogik, Geschirrmobile, Kompostfibel, Umweltbroschüre, Tennhilfe, Links, Sortierhilfe in zwei Sprachen; Kork- und CD-Sammlungen";"Kontakt Abfallberatung";"http://www.awb-ak.de/mod/Der+AWB/Ansprechpartner-D.htm?id=704";"Übersicht Abfallberatung";"http://www.awb-ak.de/mod/Abfallberatung-D.htm?id=753";;
8;"Landkreis Altmarkkreis Salzwedel";;;;"Deponie GmbH Altmarkkreis Salzwedel";;"Gabriele Jacobs";"Bismarker Straße 81, 39638 Gardelegen  ";"abfallberatung@deponie-gmbh.de";"03907  720913";"Abfallpädagogik, Abfallbroschüre (Infopost), Trennhilfe, Tipps zur Abfallvermeidung";"Übersicht Abfallberatung";"http://deponie-gmbh.de/abfallberatung/";"Abfall-Lexikon";"http://abfallkalender.altmarkkreis-salzwedel.info/lexikon.php";;
9;"Landkreis Altötting";;;;"Landratsamt Altgötting";"FB Umweltschutz (Recht und Technik)";"Imelda Niederbuchner ";"Bahnhofstr. 38, 84503 Altötting ";"imelda.niederbuchner@lra-aoe.de  ";"08671 502323 ";"Flohmarktführer, Leitfaden Eigenkompostierung, Faltblätter, Abfall-Infos, Trennhilfe, Abfallpädagogik";"Übersicht Abfallwirtschaft";"https://www.lra-aoe.de/umweltschutz-recht-und-technik/abfallwirtschaft";;;;
10;"Landkreis Alzey-Worms";;;;"Kreisverwaltung Alzey-Worms ";"Abt. Abfallwirtschaftsbetrieb";"Susanne Beck, Hans Peter Kehm, Anthea Kramer";"Ernst-Ludwig-Straße 36, 55232 Alzey";"beck.susanne@alzey-worms.de, kehm.peter@alzey-worms.de, kramer.anthea@alzey-worms.de";"(06731) 408 – 2828 /-2243 /-2231/ -2182";"Allgemeine Infos";"Kontakt Abfallberatung";"https://www.kreis-alzey-worms.eu/verwaltung/buerger/dienstleistungen/840206791.php";;;;
11;;"Amberg";92224;"Landkreis Amberg-Sulzbach";"Stadtverwaltung Amberg";"Amt für Ordnung und Umwelt ";;"Herrnstraße 1-3, 92224 Amberg";"umwelt@amberg.de ";"09621 10-248";"Geschirr-Verleih, Sortierhilfe in drei Sprachen, Tipps zur Abfallvermeidung, sehr gut aufbereitetes Infomaterial ";"Übersicht Abfallberatung";"http://www.amberg.de/rathaus/aemter-und-referate/abfallberatung/";"Geschirrverleih";"http://amberg.de/rathaus/aemter-und-referate/abfallberatung/geschirrverleih/";;
12;"Landkreis Amberg-Sulzbach";;;;"Landratsamt Amberg-Sulzbach";"Abt. Umwelt";"Bernd Gratzke, Hans-Peter Riederer";"Schloßgraben 3, 92224 Amberg ";"abfallwirtschaft@amberg-sulzbach.de";"09621 39-307 /-147";"Abfallbroschüre, Abfallpädagogik";"Übersicht Abfallwirtschaft";"http://www.kreis-as.de/Unser-Landkreis/Natur-Umwelt/Abfallwirtschaft/Kontaktstellen";;"http://www.kreis-as.de/Unser-Landkreis/Natur-Umwelt/Abfallwirtschaft/index.php?mNavID=2026.302&sNavID=2026.302&La=1";;
13;"Landkreis Ammerland";;;;"Kreisverwaltung Ammerland";"Abt. Umwelt, Bauen und Kreisentwicklung";"Ariane Weltzien";"Ammerlandallee 12, 26655 Westerstede ";"weltzien@ammerland.de, a.toebs@ammerland.de";"04488 56-2460";"Sortierhilfe in zehn Sprachen, Deponieführung, Dauerausstellung, Lehrmaterial";"Übersicht Abfallberatung";"http://www.awb-ammerland.de/abfallwirtschaft_allgemein.php";;;;
14;"Landkreis Anhalt-Bitterfeld";;;;"Anhalt- Bitterfelder Kreiswerke GmbH ";;;"Diverse (siehe Link ""Übersicht Kundenbüros"")";"Diverse (siehe Link ""Übersicht Kundenbüros"")";"03494 79999-35/ -27/ - 37 / -36";"Sortierhilfen, sehr gut aufbereitetes Infomaterial";"Übersicht Kundenbüros";"http://www.abikw.de/kubuero-hm.html";"Übersicht Abfallfragen";"http://www.abikw.de/links-verwert-ph.html";"Abfall-ABC";"http://www.abikw.de/abfall-abc-menue.html"
15;"Kreisfreie Stadt Ansbach";;;;"Stadt Ansbach";;"Christian Loy";"Nürnberger Straße 32, 91522 Ansbach";"christian.loy@ansbach.de";"0981 51-463";"Abfallbroschüre, Geschirrmobil, Tipps zur Abfallvermeidung, Liste Gebrauchtwarenannahme karitativer Verbände, Trennhilfe, kompakte Infos";"Abfallratgeber 2018";"https://www.ansbach.de/media/custom/2595_1338_1.PDF?1511175944";;;;
16;"Landkreis Ansbach";;;;"Landratsamt Ansbach";;"Herr Plotnikov ";"Crailsheimstraße 1, 91522 Ansbach";"abfallwirtschaft@landratsamt-ansbach.de ";"0981 468-2301";"Abfallbroschüre inkl. Tipps zur Abfallvermeidung, Liste Gebrauchtwarenannahme karitativer Verbände, Trennhilfe, kompakte Infos, Merkblätter, Sortierhilfen ";"Übersicht Abfallwirtschaft";"http://www.landkreis-ansbach.de/B-rgerservice/Abfall";"Abfall-ABC";"http://www.landkreis-ansbach.de/B-rgerservice/Abfall/Abfall-ABC";;
17;;"Stadt Arnsberg";" 
59755, 59757, 59759, 59821, 59823";"Kreis Hochsauerlandkreis";;"Technische Dienste Arnsberg";"Renate Hoffmann, Uwe Rautenstrauch";"Hüttenstraße 19, 59759 Arnsberg ";"abfallwirtschaft@arnsberg.de";"02932 201-4137 /-4122";"Sortierhilfe in sechs Sprachen, Abfallbroschüre, Online-Tauschbörse, Geschirrmobil, Gebrauchtwarenannahmestellen";"Übersicht Abfallwirtschaft";"http://www.arnsberg.de/abfall/";"Abfall-ABC";"https://www.arnsberg.de/abfall/abfall-abc-a.php";"Sortierhilfen in diversen Sprachen";"http://www.arnsberg.de/abfall/Abfall_Sortierungsanleitung_mehrsprachig.php"
18;"Kreisfreie Stadt Aschaffenburg";;;;"Stadtwerke Aschaffenburg";;"Frau Rohmann, Frau Konrad, Frau Markert";"Werkstraße 2, 63739 Aschaffenburg ";"sabine.rohmann@stwab.de, antje.konrad@stwab.de, christine.markert@stwab.de";"06021 391-38 10 ";"Trennhilfe, Recyclinghofladen, Abfallbroschüre";"Kontakt Abfallberatung";"http://www.stwab.de/Umwelt-Entsorgung/Service/Ansprechpartner/Ansprechpartner1.html";"Abfall-ABC";"http://www.stwab.de/Umwelt-Entsorgung/Abfallentsorgung/Abfall-ABC/Abfall-ABC.html";"Recyclinghofladen";"http://www.stwab.de/Umwelt-Entsorgung/Recyclinghofladen/Recyclinghofladen.html"
19;"Landkreis Aschaffenburg";;;;"Landkreis Aschaffenburg";"Kommunale Abfallwirtschaft/ Abfallrecht";"Ute Sperber";"Bayernstr. 18, 63739 Aschaffenburg ";"abfallwirtschaft@lra-ab.bayern.de ";"06021 394-407";"Infomobil auf Ökomarkt, Ausstellungen, Verschenkbörse, Trennhilfe, Tipps zur Abfallvermeidung, Reparaturführer, Bezuschussung v. Mehrwegwindeln, Abfallpädagogik, Abfallbroschüre ";"Kontakt Abfallberatung";"http://www.landkreis-aschaffenburg.de/wer-macht-was/abfallwirtschaf/abfallwirtschaf/ansprechpartner/";"Reparaturführer Aschaffenburg";"http://www.reparaturfuehrer-aschaffenburg.de/";;
20;"Kreisfreie Stadt Augsburg";;;;"Abfallwirtschafts- und Stadtreinigungsbetrieb (AWS)";;;"Riedingerstr. 40 86153 Augsburg";"kundenservice.aws@augsburg.de   ";"0821 324-4884 ";"Bezuschussung Komposter, Geschirrmobile, Tipps zur Abfallvermeidung, Sortieranleitung in sechs Sprachen, Abfallpädagogik, Liste karitativer Verbände für Gebrauchtwarenannahme";"Kontakt Abfallberatung";"http://www.abfallratgeber.augsburg.de/index.php?id=32030";"Abfall-ABC";"http://www.abfallratgeber.augsburg.de/index.php?id=37381";;
21;"Landkreis Augsburg";;;;"Abfallwirtschaftsbetrieb Landkreis Augsburg";;"Bernhard Schmid, Helga Thalmann-Schwarz";"Feyerabendstraße 2, 86830 Schwabmünchen";"abfallwirtschaft@lra-a.de";"08232 964321 /-22 /-23";"Verschenkmarkt, mehrsprachige Plakate, Merkblätter, Abfallpädagogik, Tipps zur Abfallvermeidung, Spielzeugannahme, Fahrradrecycling, Geschirrmobile";"Kontakt Abfallberatung";"http://www.abfallwirtschaft-landkreis-augsburg.de/awb/ansprechpartner/index.php";"Übersicht Abfallvermeidung";"http://www.abfallwirtschaft-landkreis-augsburg.de/awb/vermeidung/index.php";"Abfall-ABC";"http://www.awb-landkreis-augsburg.de/awb/entsorgung/abfall-abc.php"
22;"Landkreis Aurich";;;;"Kreisverwaltung Aurich";"Abfallwirtschaftsbetrieb (AWB) ";;"Hoheberger Weg 36, 26603 Aurich ";"JWuebbenhorst@landkreis-aurich.de";"04941 16-7070";"Trennhilfen, Abfallpädagogik";"Trennen und Sortieren";"https://www.landkreis-aurich.de/bauen-umwelt/umweltschutz-abfallwirtschaft/trennen-und-sortieren.html";;;;
23;"Landkreis Bad Dürkheim";;;;"Abfallwirtschaftsbetrieb (AWB)";;"Bernd Lache";"Philipp-Fauth-Straße 11, 67098 Bad Dürkheim ";"bernd.lache@kreis-bad-duerkheim.de";"06322 961-5520";"Kompostfibel, Abfallbroschüre, Sortieranleitung Biotonne";"Kontakt Abfallberatung";"http://www.kreis-bad-duerkheim.de/kv_bad_duerkheim/B%C3%BCrgerservice/Abfallwirtschaft/Ansprechpartner/";"Abfall-ABC";"http://awb.kreis-bad-duerkheim.de/index.php/abfall-abc.html";;
24;"Landkreis Bad Kissingen";;;;"Kommunalunternehmen des Landkreises Bad Kissingen";;"Johannes Gsell";"Münchner Straße 1, 97688 Bad Kissingen ";"johannes.gsell@ku-kg.de";"0971 801-6070";"Geschirrmobil, Umweltpädagogik, Trennhilfe in diversen Sprachen, Abfallausstellung, Infos didaktisch gut aufbereitet";"Kontakt Abfallberatung";"http://abfall-scout.de/service-und-beratung";"Geschirrverleih";"http://abfall-scout.de/privat-geschirrmobil";"Trennhilfen in diversen Sprachen";"http://abfall-scout.de/privat-mehrsprachige-abfalltrennhilfe"
25;"Landkreis Bad Kreuznach";;;;"Abfallwirtschaftsbetrieb (AWB)";;;"Salinenstraße 47, 55543 Bad Kreuznach ";"awbkh@kreis-badkreuznach.de";"0671 803-1954";"Tausch- und Verschenkmarkt, Sortierhilfe in neun Sprachen, Tipps zur Abfallvermeidung, Abfallbroschüre";"Kontakt Abfallberatung";"http://app.awb-bad-kreuznach.de/index.php/kontakt2";"Infos Abfalltrennung";"http://app.awb-bad-kreuznach.de/index.php/component/content/article/10-infoe2/89-download-seite?Itemid=101";"Tausch- und Verschenkmarkt";"http://bad-kreuznach-lk.internet-verschenkmarkt.de/list.asp"
26;"Landkreis Bad Tölz-Wolfratshausen";;;;"Wertstoffgewinnungs- und Vermarktungsgesellschaft (WGV Recycling GmbH) ";;"Georg Schneider, Ursula Mackensen";"Quarzbichl 12, 82547 Eurasburg ";"georg.schneider@wgv-quarzbichl.de, ursula.mackensen@wgv-quarzbichl.de";"08179 933-33 /-35";"Liste Gebrauchtwarenannahme/ Flohmärkte, Trennhilfe, Verwertungswege, Allgemeines zur Abfalltrennung";"Kontakt Abfalltelefon";"http://www.wgv-quarzbichl.de/index.php?id=52";"Tipps & Infos";"http://www.wgv-quarzbichl.de/index.php?id=46";"Abfall-ABC";"http://wgv.cubefour.de/index.php/abfall-abc.html"
27;"Stadtkreis Baden-Baden";;;;"Stadtverwaltung Baden- Baden";"Eigenbetrieb Umwelttechnik";"Roland Graf";"Flugstraße 29, 76532 Baden-Baden";"roland.graf@baden-baden.de ";"07221 93-2828  -2827 ";"Tipps zur Abfallvermeidung, Trennhilfe, Infoblätter";"Kontakt Abfallberatung";"https://www.baden-baden.de/buergerservice/umwelt/entsorgung/biotonne/";"Infos Gelbe Tonne";"https://www.baden-baden.de/buergerservice/umwelt/entsorgung/gelbe-tonne/";;
28;"Kreisfreie Stadt Bamberg";;;;"Stadtverwaltung Bamberg";"Amt für Umwelt, Brand- und Katastrophenschutz";"Gabriele Knoch, Karin Graf, Sigrid Hauffe";"Michelsberg 10, 96049 Bamberg";"gabriele.knoch@stadt.bamberg.de,  karin.graf@stadt.bamberg.de, sigrid.hauffe@stadt.bamberg.de";"0951 / 87-1720 ";"Bezuschussung v. Mehrwegwindeln, Geschirrverleih, Sortierhilfen, Info- Broschüren";"Kontakt Abfallberatung";"https://www.stadt.bamberg.de/index.phtml?object=tx|1829.4.1&ModID=10&FID=329.1506.1&&sNavID=1829.196&La=1";"Tipps zur Abfallvermeidung";"https://www.stadt.bamberg.de/index.phtml?sNavID=1829.503&La=1";;
29;"Landkreis Bamberg";;;;"Landratsamt Bamberg";;"Franz Heer, Christoph Hofmann";"Ludwigstraße 23, 96052 Bamberg ";"franz.heer@lra-ba.bayern.de, christoph.hofmann@lra-ba.bayern.de";"095185-706 /-708 ";"Bezuschussung vom Mehrwegwindeln, Sortierhilfen, Info-Broschüren, ";"Kontakt Abfallberatung";"https://www.landkreis-bamberg.de/B%C3%BCrgerservice/Aufgaben-u-Lebensbereiche/Abfallwirtschaft/Infos-Abfallwirtschaft-Landkreis";"Infobroschüren";"https://www.landkreis-bamberg.de/B%C3%BCrgerservice/Aufgaben-u-Lebensbereiche/Abfallwirtschaft/Infos-Abfallwirtschaft-Landkreis/index.php?La=1&NavID=2118.188&object=tx, 1633.1132.1&kat=&kuo=2&sub=1";;
30;"Landkreis Barnim";;;;"Barnimer Dienstleistungsgesellschaft (BDG) ";"Barnimer Dienstleistungsgesellschaft (BDG) ";;"Ostender Höhen, 7016225 Eberswalde ";"kundenbetreuung@bdg-barnim.de ";"03334 52620-0 ";"Sortierinfos, CD-/DVD-Recycling";"Übersicht der Kundencenter";"https://www.kw-bdg-barnim.de/kontakt/kundenbetreuung.html";"Abfall-ABC";"https://www.kw-bdg-barnim.de/service/entsorgung/abfall-abc.html";;
31;"Landkreis Bautzen";;;;"Landratsamt Bautzen";;"Rita Thieme";"Macherstraße 55, 01917 Kamenz ";"abfallwirtschaft@lra-bautzen.de";"03591 5251-68403";"Gebrauchtwarenannahme karitativer Verbände, Abfallpädagogik, Abfallbroschüre";"Übersicht Abfallwirtschaft";"http://www.landkreis-bautzen.de/603.html";;"http://www.landkreis-bautzen.de/603.html";;
32;"Kreisfreie Stadt Bayreuth";;;;"Stadt Bayreuth";;;"Am Bauhof 5, 95445 Bayreuth";"stadtbauhof@stadt.bayreuth.de ";"0921 251844";"Altmöbelmarkt der Wohlfahrtsverbände, Möbelbörse der Stadt Bayreuth, Tipps zur Abfallvermeidung, Bezuschussung v. Mehrwegwindeln, Trennhilfen";"Übersicht Abfallberatung";"http://www.bayreuth.de/rathaus-buergerservice/umwelt-energie/abfall/";"Tipps zur Abfallvermeidung";"https://www.bayreuth.de/rathaus-buergerservice/umwelt-energie/abfall/abfaelle-vermeiden/";;
33;"Landkreis Bayreuth";;;;"Landratsamt Bayreuth";;"Sabine Rüskamp, Janet Schönknecht";"Markgrafenallee 5, 95448 Bayreuth ";"sabine.rueskamp@lra-bt.bayern.de, janet.schoenknecht@lra-bt.bayern.de";"0921 728-440 /-402";"Kampagne „Let's go Mehrweg“, Kaufhaus Regenbogen, Rot-Kreuz- Laden, Geschirrmobil, Bezuschussung Mehrwegwindeln, Tipps zur Abfallvermeidung, Trennhilfe";"Kontakt Abfallberatung";"https://www.landkreis-bayreuth.de/umwelt-gesundheit/umwelt/abfallwirtschaft/abfall-abc/";"Abfall-ABC";"https://www.landkreis-bayreuth.de/umwelt-gesundheit/umwelt/abfall-abc/";"Abfallwegweiser";"http://www.unserebroschuere.de/landratsamt_bayreuth_abfallwirtschaft/WebView/"
34;;"Beckum";59269;"Kreis Warendorf";"Stadt Beckum";;"Elisabeth Freitag, Monika Zeisbrich";"Weststraße 46, 59269 Beckum";"freitag@beckum.de, umweltdienste@beckum.de";"02521 2955-376 /-375";"Abfallbroschüre, Trennhilfe";"Kontakt Abfallentsorgung";"http://www.beckum.de/abfall.html";"Infos Abfalltrennung";"http://www.beckum.de/de/umwelt/abfall/abfallentsorgung/abfalltrennung.html";;
35;"Landkreis Berchtesgadener Land";;;;"Landratsamt Berchtesgadener Land ";"FB Kommunale Abfallwirtschaft";"Gerhard Dinkel, Lukas Huber";"Salzburger Straße 64, 83435 Bad Reichenhall";"gerhard.dinkel@lra-bgl.de, lukas.huber@lra-bgl.de";"08651 773-503 /-883";"Merkblätter Abfallvermeidung/ Sortierhilfen, Zuschuss Komposter, Leitfaden Eigenkompostierung, Kerzen-Wachs-Recyclingprojekt";"Kontakt Abfallberatung";"https://www.lra-bgl.de/lw/umwelt-natur/abfall/abfallberatung/";"Recycling-Infos";"https://www.lra-bgl.de/lw/umwelt-natur/abfall/abfallentsorgung/abfaelle-zur-verwertung/";;
36;"Landkreis Bergstraße";;;;"Zweckverband Abfallwirtschaft Kreis Bergstraße (ZAKB)";;"Servicecenter";"Am Brunnengewännchen, 568623 Lampertheim-Hüttenfeld ";"service@zakb.de ";"06256 851-881";"Sortierhilfen, Flyer, Infos didaktisch gut aufbereitet";"Kontakt Servicecenter";"https://www.zakb.de/info/kontakt/";"Info-Broschüren";"https://www.zakb.de/info/downloadcenter/";;
37;"Kreisfreie Stadt Berlin";;;;"Berliner Stadtreinigungsbetriebe (BSR)";;;"Ringbahnstr. 96, 12103 Berlin ";"service@BSR.de     ";"030 7592-4900 ";"Trenntstadt-Kampagne, Aktionen/ Kampagnen zur Trennung u.Vermeidung, Verschenkmarkt, Tipps zur Abfallvermeidung, Flyer, Infos didaktisch gut aufbereitet";"Website Trennstadt Berlin";"http://trenntstadt-berlin.de/";"Übersicht Abfallvermeidung und Abfalltrennung";"https://www.bsr.de/abfallvermeidung-und-abfalltrennung-23833.php";"Abfall-ABC";"https://www.bsr.de/abfall-abc-20563.php"
38;"Landkreis Bernkastel-Wittlich";;;;"Zweckverband Abfallwirtschaft
Region Trier (A.R.T.) ";"(für die Kreisverwaltung Bernkastel- Wittlich)";"Abfalltelefon";"Löwenbrückener Straße 13/14, 54290 Trier";"abfall-telefon@art-trier.de";"0651 9491-414 ";"Tauschbörse, Trennhilfe in diversen Sprachen, Tipps zur Abfallvermeidung, Abfallpädagogik, Lehrmaterial";"Kontakt Abfalltelefon";"http://www.art-trier.de/cms/abfallvermeidung-1002.html";"Abfall-ABC";"http://www.art-trier.de/cms/abfall_az-1002.html";"Kontakt Abfallberater Kreisverwaltung";"http://www.bernkastel-wittlich.de/kreisverwaltung/fachbereiche/bauen-und-umwelt/"
39;"Landkreis Biberach";;;;"Landratsamt Biberach ";"Abfallwirtschaftsbetrieb ";"Verschiedene Ansprechpartner/innen in den Orten (siehe Llink)";"""";"Diverse (siehe Link ""Kontakt Abfallberatung)";"Diverse (siehe Link ""Kontakt Abfallberatung)";"Fundgrube, Abfallpädagogik, Tipps zur Abfallvermeidung, Trennhilfe";"Kontakt Abfallberatung";"http://www.biberach.de/landratsamt/abfallwirtschaftsbetrieb/abfallberatung/ansprechpartner.html";"Fundgrube";"http://www.biberach.de/aktuelles/anzeigen-ausschreibungen/fundgrube.html";"Abfall-ABC";"http://www.biberach.de/landratsamt/abfallwirtschaftsbetrieb/abfall-abc.html"
40;"Kreisfreie Stadt Bielefeld";;;;"Umweltbetrieb der Stadt Bielefeld";;;"Eckendorfer Straße 57, 33609 Bielefeld ";"abfallberatung@bielefeld.de ";"0521 51-3341 ";"Tausch- und Verschenkbörse, diverse Infobroschüren, Gebrauchtartikelbörse, Sortierhilfe in diversen Sprachen, Verleih „Clean Caddy“ für Müll-Sammelaktionen";"Kontakt Abfallberatung";"http://www.bielefeld.de/de/un/stadtreinigung/uaabfall/";"Verschenkbörse";"http://www.verschenkboerse-bielefeld.de/info.asp";"Informationsmaterial";"http://www.bielefeld.de/de/rv/ds_stadtverwaltung/uwb/pro/#g030"
41;"Landkreis Birkenfeld";;;;"AWB-Abfallwirtschaftsbetrieb";;;"Schlossallee 9, 55765 Birkenfeld";"abfallberatung@egb-bir.de ";"06782 9989-22";"Sortierhilfe in diversen Sprachen, umfangreiche Infos zur Trennung";"Infos Abfalltrennung";"http://www.egb-bir.de/abfallinformationen.html";"Abfall-ABC";"http://www.egb-bir.de/abfall-abc.html";"Mehrsprachige Informationen";"http://www.egb-bir.de/mehrsprachige_informationen.html"
42;"Landkreis Böblingen";;;;"Abfallwirtschaftsbetrieb Böblingen";;;"Parkstraße 16, 71034 Böblingen";"awb@lrabb.de";"07031 663-1550";"Abfallpädagogik, Verschenkemarkt, Reparatur- und Second-Hand-Führer, Tipps zur Abfallvermeidungund und Abfalltrennung, Sortierhilfe in diversen Sprachen";"Kontakt Abfallwirtschaft";"http://www.lrabb.de/, Lde/start/Service+_+Verwaltung/Abfallwirtschaft.html";"Verschenkemarkt und Reparierführer";"http://www.verschenkenundmehr.de/";"Tipps zur Abfallvermeidung";"http://www.lrabb.de/, Lde/start/Service+_+Verwaltung/Abfallvermeidung.html"
43;;"Bocholt";"46395, 46397, 46399";"Kreis Borken";"Entsorgungs- und Servicebetrieb Bocholt (ESB)";;"Karin Kalka-Freundt, Petra Tacke ";"Im Sommer einmal im Monat auf dem St. Georgs Platz";"k.kalka-freundt@esb.bocholt.de, p.tacke@esb.bocholt.de";"02871 2463-24 ";"Abfallpädagogik, monatlicher „Infobully“, Trennhilfe";"Kontakt Abfallberatung";"https://www.bocholt.de/rathaus/entsorgungsbetrieb/abfallberatung/";"Abfall-ABC";"https://www.bocholt.de/fileadmin/DAM/Fachbereich_34/Abfallberatung/bocholt_rathaus_esb_abfall_abc.pdf";;
44;"Kreisfreie Stadt Bochum";;;;"USB Bochum GmbH";;;"Hanielstraße 1, 44801 Bochum";"info@usb-bochum.de";"0800 3336288";"Sortierhilfe in diversen Sprachen, Flyer, Abfallpädagogik, Kinderclub „Huibo“";"Kontakt Abfallberatung";"http://www.usb-bochum.de/abfallberatung/";"Infomaterial und Abfall-ABC";"http://www.usb-bochum.de/abfallberatung/#infomaterial";"Tipps zur Abfallvermeidung";"http://www.usb-bochum.de/tauschen-reparieren-gebrauchtes-kaufen/"
45;"Landkreis Bodenseekreis";;;;"Landratsamt Bodenseekreis";"Abfallwirtschaftsamt";;"Glärnischstraße 1-3, 88045 Friedrichshafen ";"abfallberatung@bodenseekreis.de ";"07541 204-5199 ";"Sperrmüllbörse, kompakte Infos, Müllmagazin, Abfallpädagogik, Reparatur-, Verleih- und Second-Hand-Führer";"Kontakt Abfallberatung";"https://www.bodenseekreis.de/umwelt-landnutzung/abfallentsorgung-privat/kontakt-beratung/";"Tipps zur Abfallvermeidung";"https://www.bodenseekreis.de/umwelt-landnutzung/abfallentsorgung-privat/abfallvermeidung/";"Abfallarten A - Z";"http://www.bodenseekreis.de/umwelt-landnutzung/abfallentsorgung-privat/abfallarten.html"
46;"Kreisfreie Stadt Bonn";;;;"bonnorange AöR";;;"Lievelingsweg 110, 53119 Bonn ";"abfallberatung@bonnorange.de";"0228 5552720 ";"Sortierhilfe in diversen Sprachen, Tausch-u. Verschenkmarkt, Tipps zur Abfallvermeidung,  Abfallpädagogik";"Kontakt Abfallberatung";"http://www.bonnorange.de/kundenservice.html";"Infomaterial";"http://www.bonnorange.de/downloads.html";"Tausch- und Verschenkmarkt";"http://bonn.internet-verschenkmarkt.de/info.asp"
47;"Landkreis Börde";;;;"Kommunalservice Landkreis Börde AöR";;"Jörg Reinemann, Astrid Schäfer";;"j.reinemann@ks-boerde.de, a.schaefer@ks-boerde.de";"039201 7033-118 /-119";"Kompakte Infos, Abfallbroschüre, Sortierhilfen";"Kontakt Abfallberatung";"http://www.ks-boerde.de/index.php?id=189";"Infos zur Abfalltrennung";"http://www.ks-boerde.de/index.php?id=171";;
48;"Kreis Borken";;;;"Entsorgungsgesellschaft Westmünsterland mbH (EGW)";;;"Estern 41, 48712 Gescher";"info@egw.de";"02542 9290";"Abfallpädagogik, Tipps zur Abfallvermeidung, Trennhilfen";"Kontakt Abfallberatung";"http://www.egw.de/Service/abfallberatung.html";"Tipps zur Abfallvermeidung";"http://www.egw.de/service/abfallberatung/abfallvermeidung/";"Sammlung für das KARO Sozialkaufhaus";"http://www.egw.de/service/abfallberatung/sozialkaufhaeuser/"
49;"Kreisfreie Stadt Bottrop";;;;"Bottroper Entsorgung und Stadtreinigung (BEST) AöR ";;;;"best@best-bottrop.de ";"02041 7969-0 /-13";"Abfallpädagogik, Führungen, „Bottrop putzt“, Sortierhilfe in diversen Sprachen, Abfallbroschüre";"Übersicht Abfallwirtschaft";"http://www.best-bottrop.de/Abfallwirtschaft/default.asp?highmain=2&highsub=0&highsubsub=0";"Abfall-ABC";"http://www.best-bottrop.de/abfall-abc.html";;
50;"Kreisfreie Stadt Brandenburg an der Havel";;;;"Stadtverwaltung Brandenburg";"FB Bauen und Umwelt";"Ricarda Löffler, Ines Wirschin";"Klosterstraße 14, 14770 Brandenburg an der Havel ";"ricarda.loeffler(at)stadt-brandenburg.de, ines.wirschin(at)stadt-brandenburg.de";"03381 5831-34 /-14";"Kompakte Infos, Trennhilfe, Abfallbroschüre";"Kontakt Abfallberatung";"https://www.stadt-brandenburg.de/dienstleistungen/service/abfallvermeidung-beratung/?no_cache=1&tx_brbuergerservice_pi1%5Bsword%5D=abfall";"Ratgeber und Infomaterial";"https://www.stadt-brandenburg.de/leben/abfall-und-abwasser/info-material/";"Abfall-ABC";"https://www.stadt-brandenburg.de/leben/abfall-und-abwasser/abfall-abc/"
51;"Kreisfreie Stadt Braunschweig";;;;"ALBA Braunschweig GmbH ";;;"Frankfurter Straße 251, 38122 Braunschweig";;"0531 88620";"Tipps zur Abfallvermeidung, Abfallpädagogik, Trennhilfe, Verschenkmarkt, Sortierhilfe in diversen Sprachen";"Kontakt Bürgerservice";"http://www.alba-bs.de/index.asp?CITY=BS&NAV=40";"Infos zur Abfalltrennung";"http://www.alba-bs.de/index.asp?CITY=BS&NAV=139";"Verschenkemarkt";"http://braunschweig.internet-verschenkmarkt.de/list.asp"
52;"Landkreis Breisgau-Hochschwarzwald";;;;"Abfallwirtschaft, Landkreis Breisgau-Hochschwarzwald (ALB)";;;"Bismarckallee 7a, 79098 Freiburg ";"alb@lkbh.de";"0761 2187-9707";"Info-Broschüren, Abfallpädagogik";"Kontakt Abfallberatung";"http://www.breisgau-hochschwarzwald.de/pb/Breisgau-Hochschwarzwald, Lde/Start/Service+_+Verwaltung/Kontakt.html";"Informationsmaterial";"http://www.breisgau-hochschwarzwald.de/pb/Breisgau-Hochschwarzwald, Lde/Start/Service+_+Verwaltung/Informationsmaterial+und+Formulare.html";;
53;"Kreisfreie Stadt Bremen";;;;"Entsorgung kommunal - Umweltbetrieb Bremen";;"Antje von Horn";"Willy-Brandt-Platz 7, 28215 Bremen ";"kontakt@entsorgung-kommunal.de ";"0421 361-3611";"Reste-Kochbuch, Abfallpädagogik, Sortierhilfe in diversen Sprachen, „Tausch-Bar“, „Bauteil-Börse Bremen“";"Kontakt Kundenservice";"http://www.entsorgung-kommunal.de/service/kontakt-2511";"Aktionen und Projekte";"http://www.entsorgung-kommunal.de/voll_wert_voll-9393";"Abfall-ABC";"http://www.entsorgung-kommunal.de/entsorgung/abfall_abc-2268"
54;"Kreisfreie Stadt Bremerhaven";;;;"Bremerhavener Entsorgungsgesellschaft mbH (BEG/ Remondis)";;;"Zur Hexenbrücke 16, D-27570 Bremerhaven ";"info@beg-bhv.de";"0471 186-555";"Sortierhilfe";;"http://beg-bhv.de/kommunen/leistungen/";;;;
55;;"Brühl";50321;"Kreis Rhein-Erft-Kreis";"Stadt Brühl / Verbraucherzentrale Brühl";;;"Carl-Schurz-Straße 1, 50321 Brühl";"bruehl.umwelt@vz-nrw.de";"02232 20687-05";"Persönliche Beratung";"Kontakt Abfallberatung";"http://www.stadtservice-bruehl.de/abfallberatung.html";"Website der Verbraucherzentrale Brühl";"https://www.verbraucherzentrale.nrw/beratungsstellen/496/kontakt/Umweltberatung/1449";;
56;"Landkreis Burgenlandkreis";;;;"Abfallwirtschaft Sachsen-Anhalt Süd AöR";;;"Südring 8, 06618 Mertendorf";"abfallwirtschaft@awsas.de";"034445 223-15";"Sortierinfos, Abfallpädagogik, Biotonnen-Infos, Magazin ""Umweltinformationen""";"Infos zur Abfalltrennung";"http://www.awsas.de/index.php/abfalltrennung.html";"Informationsmaterial";"http://www.awsas.de/index.php/downloads.html";;
57;"Landkreis Calw";;;;"Abfallwirtschaft Landkreis Calw GmbH";;;"Gäuallee 5, 72202 Nagold";"kontakt@awg-info.de ";"0800 3030839 (kostenlos)";"Verschenk- und Tauschbörse, Sortierhilfen in diversen Sprachen";"Kontakt Abfallberatung";"http://www.awg-info.de/index.php?id=57";"Abfall-ABC";"http://www.awg-info.de/index.php?id=155&L=0";"Verschenkemarkt";"http://www.awg-info.de/index.php?id=360"
58;;"Castrop-Rauxel";" 
44575, 44577, 44579, 44581";"Kreis Recklinghausen";"EUV Stadtbetrieb Castrop-Rauxel";;;"Westring 215, 44575 Castrop-Rauxel ";"info@euv-stadtbetrieb.de ";"02305 9686-543";"Broschüren, Trennhilfen, EUV-Umweltbrummi für Schadstoffe und Elektrogeräte";"Kontakt Abfallberatung";"https://www.euv-stadtbetrieb.de/private-haushalte/entsorgung/";"Abfall-ABC";"https://www.euv-stadtbetrieb.de/private-haushalte/entsorgung/abfall-abc/";"Trennhilfe in diversen Sprachen";"https://www.euv-stadtbetrieb.de/fileadmin/content/downloads/Flyer_Broschueren/Flyer_Abfalltrennung_mehrsprachig.pdf"
59;"Landkreis Celle";;;;"Zweckverband Abfallwirtschaft Celle ";;"Werner Bartels-Knoche, Dr. Petra Kloss, Dagma Schmiedner";"Braunschweiger Heerstr. 109, 29227 Celle  ";"info@zacelle.de ";"05141 7502-222";"Infos zur Abfalltrennung, „Fairkauf-Center“, Abfallpädagogik";"Kontakt Abfallberatung";"http://www.zacelle.de/privatkunden/";"Abfall-ABC";"http://www.zacelle.de/privatkunden/abfall-abc/";"Fairkauf-Center";"https://www.fairkauf-center.de/"
60;"Landkreis Cham";;;;"Landratsamt Cham";"Abfallwirtschaft Kreiswerke Cham";"Alfred Rauscher";"Mittelweg 15, 93413 Cham";"abfallwirtschaft@lra.landkreis-cham.de, alfred.rauscher@lra.landkreis-cham.de";"09971 78-352";"Allgemeine Infos";"Kontakt Abfallberatung";"https://www.landkreis-cham.de/landkreis-landratsamt/geschaeftsverteilung/?BeratungAbfall-Sperrmuell-Wertstoff-Sondermuellentsorgung&view=org&orgid=9d2e59e5-43de-40fc-b5b1-7a341e82f49e";"Infos zur Abfalltrennung";"http://www.kreiswerke-cham.de/Abfallwirtschaft/3-Tonnen-System.aspx";;
61;"Kreisfreie Stadt Chemnitz";;;;"Abfallentsorgungs- und Stadtreinigungsbetrieb (ASR)";;;"Blankenburgstraße 62, 09114 Chemnitz";"Abfallberatung@ASR-Chemnitz.de ";"0371 4095-102";"Infos didaktisch gut aufbereitet, Abfallpädagogik, Abfallratgeber, Tausch- und Verschenkmarkt, Sortierhilfe in diversen Sprachen, Kundenzeitung";"Kontakt Abfallberatung";"http://www.asr-chemnitz.de/leistungen/abfallberatung/";"Infomaterialien";"http://www.asr-chemnitz.de/downloads/infomaterial/";;
62;"Landkreis Cloppenburg";;;;"Kreisverwaltung Cloppenburg";"Amt für Wasser- und Abfallwirtschaft";"Hildegard Rolfes ";"Eschstraße 29, 49661 Cloppenburg";"h.rolfes@lkclp.de ";"04471 15-432     ";"Sortierhilfe in 13 Sprachen, Tausch- u. Verschenkmarkt";"Kontakt Abfallberatung";"http://www.lkclp.de/bauen-umwelt/abfallberatung.php";"Infos zur Abfalltrennung";"https://www.lkclp.de/bauen-umwelt/abfallberatung/downloadangebote.php";"Tausch- und Verschenkmarkt";"http://cloppenburg-lk.internet-verschenkmarkt.de/list.asp"
63;"Kreisfreie Stadt Coburg";;;;"Coburger Entsorgungs- und Baubetrieb (CEB) ";;;"Bamberger Straße 2-6, 96450 Coburg";"info@ceb-coburg.de ";"09561 749-5555";"Trenninfos";"Infos zur Abfalltrennung";"http://www.ceb-coburg.de/04_Stadtreinigung-Abfall/Auf-einen-Blick/Infomaterial.php";;;;
64;"Landkreis Coburg";;;;"Landratsamt Coburg";;"Wolfgang Sommer";"Lauterer Straße 60, 96450 Coburg";"wsommer@landkreis-coburg.de";"09561 514-268 ";"Abfallfibel mit Infos zu Abfalltrennung, Abfallpädagogik, Geschirrverleih und Kontakt Abfallberatung";"Abfallfibel";"http://www.landkreis-coburg.de/999-0-Abfallfibel-Muellgebuehren-und-Entsorgungswege.html";;;;
65;"Landkreis Cochem-Zell";;;;"Kreisverwaltung Cochem- Zell";"Abfallwirtschaft Landkreis Cochem-Zell";"Jörg Anger ";"Vor den Birken 6, 56814 Faid";"abfallwirtschaft@cochem-zell.de,  joerg.anger@cochem-zell.de";"02671 61-941";"Abfallpädagogik, Gebrauchtgüter- und Bodenbörse, zweisprachige Sortierhilfe, ";"Kontakt Abfallwirtschaft";"https://www.cochem-zell.de/kv_cochem_zell/Unsere%20Themen/Kreiswerke%20Cochem-Zell/Abfallwirtschaft/Ansprechpartner%20bei%20der%20Abfallwirtschaft/";"Abfall-ABC";"https://www.cochem-zell.de/kv_cochem_zell/Unsere%20Themen/Kreiswerke%20Cochem-Zell/Abfallwirtschaft/Abfall%20ABC/Abfall%20ABC%20Tabelle/";"Gebrauchsgüter- und Bodenbörse";"https://www.cochem-zell.de/kv_cochem_zell/Unsere%20Themen/Kreiswerke%20Cochem-Zell/Abfallwirtschaft/Gebrauchsg%C3%BCter-%20und%20Bodenb%C3%B6rse/"
66;"Kreis Coesfeld";;;;"Landratsamt Coesfeld";;"Matthias Bücker, Ralf Abeler";"Friedrich-Ebert-Straße 7, 48653 Coesfeld";"matthias.buecker@kreis-coesfeld.de, ralf.abeler@kreis-coesfeld.de";"02541 95251-17 /-16";"Trennhilfen, Repair-Café-Führer, Abfallpädagogik, Broschüren";"Kontakt Abfallberatung (überörtlich)";"http://www.wbc-coesfeld.de/abfallentsorgung/abfallberatung.html";"Örtliche Abfallberatungen";"http://www.wbc-coesfeld.de/service/abfall-infos-ihrer-stadt-gemeinde.html";"Informationsmaterial";"http://www.wbc-coesfeld.de/service/infomaterial.html"
67;"Kreisfreie Stadt Cottbus";;;;"Stadtverwaltung Cottbus";"
Amt für Abfallwirtschaft und Stadtreinigung";"Trotz gesetzlicher Pflicht scheint Cottbus die Abfallberatung abgeschafft zu haben. Beschweren Sie sich beim zuständigen Amt!";"Amtsleiterin Sybille Schneider, Karl-Marx-Str. 67, 03044 Cottbus";"abfallwirtschaftsamt@cottbus.de";"0355 612-2735";"Nur rechtliche Dokumente";"Website des Abfallwirtschaftsamtes";"https://www.cottbus.de/verwaltung/gb_ii/abfall/abfallentsorgung/";;;;
68;;"Cuxhaven";"27472, 27474, 27476, 27478";"Landkreis Cuxhaven";"Stadtverwaltung Cuxhaven ";;"Henry Jassmann ";"Meyerstraße 40, 27472 Cuxhaven ";"info@cuxhaven.de";"04721 70070614";"Allgemeine Infos zu verschiedenen Tonnen";"Kontakt Abfallberatung";"http://www.cuxhaven.de/verwaltung/dienstleistungen/dienstleistung.php?menuid=297&topmenu=3&id=6";"Übersicht Abfallwirtschaft und Straßenreinigung";"http://www.cuxhaven.de/staticsite/staticsite.php?menuid=307&topmenu=44";;
69;"Landkreis Cuxhaven";;;;"Landkreis Cuxhaven ";;"Michael Marek, Jörn Heitmann";"Vincent-Lübeck-Straße 2, 27474 Cuxhaven";"abfallberatung@landkreis-cuxhaven.de";"04721 66-2606 /-2525 ";"Trennhilfen, Abfallpädagogik, Aktionen";"Kontakt Abfallberatung";"http://www.landkreis-cuxhaven.de/index.phtml?La=1&sNavID=1779.280&mNavID=1779.11&object=tx, 578.517.1";"Übersicht der Angebote";"http://www.landkreis-cuxhaven.de/index.phtml?mNavID=1779.11&sNavID=1779.280&La=1";"Abfall-ABC";"http://www.landkreis-cuxhaven.de/index.phtml?La=1&sNavID=1779.280&mNavID=1779.11&object=tx, 578.522.1&kat=&kuo=2&sub=0"
70;"Landkreis Dachau";;;;"Landratsamt Dachau";"SG Kommunale Abfallwirtschaft";"Antje Burger, Evelyn Langgartner, Barbara Mühlbauer-Talbi";"Dr.-Hiller-Straße 36, 85221 Dachau ";"antje.burger@lra-dah.bayern.de, evelyn.langgartner@lra-dah.bayern.de, barbara.muehlbauer-talbi@lra-dah.bayern.de";"08131 7414-70 /-63 /-69";"Sortierhilfen in diversen Sprachen, Abfallpädagogik, Verschenkmarkt, Reparaturführer, Second-Hand-Führer, Leihlexikon";"Kontakt und Angebote Abfallberatung";"https://www.landratsamt-dachau.de/Landratsamt/Fachbereiche.aspx?OrgID=1b6c0769-8f86-4be3-8608-5f61f9ecb526";"Reparaturführer für München und Umland";"http://www.awm-muenchen.de/privathaushalte/abfallvermeidung/reparaturfuehrer/";;
71;;"Dahme-Spreewald Kreis Südbrandenburg";"12529, 15711, 15712, 15713, 15732, 15738, 15741, 15745, 15746, 15748, 15749, 15754, 15755, 15757";"Landkreis Dahme-Spreewald";"Südbrandenburgische Abfallzweckverband (SBAZV)";;"Herr Winter, Frau Dommisch";"Teltowkehre 20, 14974 Ludwigsfelde ";"winter@sbazv.de, bdommisch@sbazv.de";"03378 5180-170 /-171";"Umfangreiche Informationen zu Abfalltrennung und Abfallvermeidung, Abfallpädagogik";"Kontakt Abfallberatung";"http://www.sbazv.de/privatkunden/ansprechpartner/#c1034";"Infos Abfalltrennung und Abfallvermeidung";"http://www.sbazv.de/privatkunden/abfallratgeber/";"Ratgeber zur Entsorgung";"http://www.sbazv.de/verband/materialien-downloads/#c706"
72;;"Dahme-Spreewald Kreis Niederlausitz";"15868, 15907, 15910, 15913, 15926, 15938";"Landkreis Dahme-Spreewald";"Kommunaler Abfallentsorgungsverband „Niederlausitz“";;"Frau Matysiak, Frau Schoan";"Frankfurter Straße 45, 15907 Lübben (Spreewald)";"matysiak@kaev.de, schoan@kaev.de";"03546 2704-19";;"Kontakt Abfallberatung";"http://www.kaev.de/kontakt-ansprechpartner/abfallberatung/";"Abfall-ABC";"http://www.kaev.de/was-wohin-abfall-abc/";"Infobroschüren";"http://www.kaev.de/infomaterial-downloads/infobroschueren-infoblaetter/"
73;"Kreisfreie Stadt Darmstadt";;;;"Stadtverwaltung Darmstadt";"Eigenbetrieb für kommunale Aufgaben und Dienstleistungen (EAD)";;"Sensfelderweg 33, 64293 Darmstadt";"ead@darmstadt.de ";"06151 13 46   -000 ";"Abfallpädagogik, Sortierhilfen, Abfallbroschüre, Geschirrmobile, Tausch-und Verschenkemarkt, Gebrauchtkaufhaus";"Kontakt Abfallberatung";"http://ead.darmstadt.de/ead/beratung_kontakt/abfallberatung.php";"Geschirrverleih";"https://ead.darmstadt.de/ead/abfaelle_von_a_bis_z/alphabetischer_ratgeber/ar_g/geschirrmobil.php";"Online Schenk-Tauschkiste mit Reparaturführer ";"https://ead.schenk-tauschkiste.de/"
74;"Landkreis Darmstadt-Dieburg";;;;"Zweckverband Abfall- und Wertstoffeinsammlung für den Landkreis Darmstadt-Dieburg (ZAW)";;"Christine Funck";"Roßdörfer Str. 106, 64409 Messel ";"c.funck@zaw-online.de ";"06159 9160-144";"Sortierhilfe in diversen Sprachen, Tausch-Verschenkbörse mit Reparaturführer";"Kontakt Abfallberatung";"https://www.zaw-online.de/index.php?option=com_content&view=article&id=81&Itemid=139";"Online Schenk-Tauschkiste mit Reparaturführer ";"https://ead.schenk-tauschkiste.de/";"Infos zur Abfalltrennung";"https://www.zaw-online.de/index.php?option=com_content&view=article&id=241&Itemid=352"
75;"Landkreis Deggendorf";;;;"Zweckverband Abfallwirtschaft Donau-Wald (ZAW) ";;;"Gerhard-Neumüller-Weg 1, 94532 Außernzell";"info@awg.de";"09903 920-900";"Sortierhilfen, Infomaterial";"Kontakt Abfallberatung";"https://www.awg.de/beratung_haushalt";"Abfall-ABC";"https://www.awg.de/awg/abfallabc";"Infomaterialien";"https://www.awg.de/broschueren"
76;"Kreisfreie Stadt Delmenhorst";;;;"Stadtverwaltung Delmenhorst";;"Frau Grenzdörfer ";"Am Stadtwall 1, 27749 Delmenhorst ";"abfallwirtschaft@delmenhorst.de";"04221 99-2186";"Sortierhilfe in diversen Sprachen, Tauschmarkt- Portal";"Kontakt Abfallberatung und Trenn-Tipps";"http://www.delmenhorst.de/leben-in-del/umwelt/abfallentsorgung/haushalte/index.php";;;;
77;"Kreisfreie Stadt Dessau-Roßlau";;;;"Stadtverwaltung Dessau-Roßlau";"Eigenbetrieb Stadtpflege";"Herr Kornetzky";"Wasserwerkstraße 13, 06842 Dessau-Roßlau";"stadtpflege.kornetzky@dessau-rosslau.de";"0340 503400-15";"Sortierhilfe, Infos kompakt";"Kontakt Abfallberatung";"http://verwaltung.dessau-rosslau.de/stadtentwicklung-und-umwelt/natur-und-umwelt/abfall/abfallberatung.html";"Abfall-ABC";"http://www.stadtpflege.dessau.de/v2/index.php?article_id=45";;
78;"Landkreis Diepholz";;;;"Landratsamt Diepholz";"AWG AbfallWirtschaftsGesellschaft mbH";;"Klövenhausen 20, 27211 Bassum";"info@awg-bassum.de";"04241 801-170";"Tipps zur Abfallvermeidung, Trennhilfen";"Kontakt Öffentlichkeitsarbeit";"http://www.awg-bassum.de/virthos.php?//Systemmenue/Kontakt/Team#%C3%96ffentlichkeitsarbeit";"Tipps zur Abfallvermeidung";"http://www.awg-bassum.de/virthos.php?//Ratgeber/Abfallvermeidung";"Infos zur Abfalltrennung";"http://www.awg-bassum.de/virthos.php?//Ratgeber/Sammeln%20sortieren"
79;"Landkreis Dillingen a.d. Donau";;;;"Landratsamt Dillingen an der Donau ";"Abfallwirtschaftsverband Nordschwaben AWV ";"Ingetraud Wohlfahrt";"Weidenweg 1, 86609 Donauwörth";"iwohlfahrt@awv-nordschwaben.de ";"0906 7803-11";"Broschüren, Online-Tauschmarkt, Abfallpädagogik";"Kontakt Öffentlichkeitsarbeit";"http://www.awv-nordschwaben.de/index.php/ansprechpartner-244.html";"Infos zur Abfalltrennung";"http://www.awv-nordschwaben.de/index.php/awv-broschueren.html";;
80;"Landkreis Dingolfing-Landau";;;;"Abfallwirtschaftsverband (AWV) Isar-InnIsar-Inn";;"Siegfried Altmannsberger u.a.";"Karl-Rolle-Straße 43, 84307 Eggenfelden ";"siegfried.altmannsberger@awv-isar-inn.de ";"08721 9612-20 /-21 /-22 /-23";"Wertstoffwegweiser, mehrsprachige Sortierhilfen, Gebrauchtmöbelbörse";"Kontakt Abfallberatung";"http://www.awv-isar-inn.de/ansprechpartner-des-awv-isar-inn";"Abfall-ABC";"http://www.awv-isar-inn.de/abfallabc";"Infomaterialien";"http://www.awv-isar-inn.de/downloads"
81;"Kreis Dithmarschen";;;;"Abfallwirtschaftsgesellschaft Dithmarschen mbH";;"Uta Kloth";"Stettiner Str. 30, 25746 Heide";"k.kloth@awd-online.de";"0481 8550-16";"Sortierhilfen in diversen Sprachen, Info-Broschüren, Abfallpädagogik (Lernort ALADIN), Tauschbörse, Tipps zur Abfallvermeidung ";"Kontakt Öffentlichkeitsarbeit";"https://www.awd-online.de/die-awd/mitarbeiter/";"Infos zur Abfalltrennung";"https://www.awd-online.de/privatkunden/infomaterial/";"Tipps zur Abfallvermeidung";"https://www.awd-online.de/privatkunden/tipps-zur-abfallvermeidung/"
82;"Landkreis Donau-Ries";;;;"Abfallwirtschaftsverband Nordschwaben AWV ";;"Ingetraud Wohlfahrt";"Weidenweg 1, 86609 Donauwörth ";"info@awv-nordschwaben.de";"0906 7803-11 ";"Broschüren, Online-Tauschmarkt, Abfallpädagogik";"Kontakt Öffentlichkeitsarbeit";"http://www.awv-nordschwaben.de/index.php/ansprechpartner-244.html";"Infos zur Abfalltrennung";"http://www.awv-nordschwaben.de/index.php/awv-broschueren.html";;
83;"Landkreis Donnersbergkreis";;;;"Kreisverwaltung Donnersberg";"Abteilung Abfallwirtschaft, Umwelt";"Susanne Dejon, Wilhelm Löber";"Uhlandstraße 2, 67292 Kirchheimbolanden   ";"sdejon@donnersberg.de, wloeber@donnersberg.de";"06352 710-142 /-110";"Sperrmüllbörse, allgemeine Infos";"Kontakt Abfallberatung";"http://www.donnersberg.de/donnersbergkreis/B%C3%BCrgerservice/Leistungen%20A%20-%20Z/Abfallwirtschaft%20&%20Umwelt/Abfallwirtschaft/?bsinst=0&bstype=l_get&bsparam=80772";"Sperrmüllbörse";"http://www.sperrmuellboerse.donnersberg.de/";;
84;;"Dormagen";"41539, 41540, 41541, 41542";"Kreis Rhein-Kreis Neuss";"Stadtverwaltung Dormagen";"Steueramt";"Anita Kelzenberg ";"Paul-Wierich-Platz 2, 41539 Dormagen ";"steueramt@stadt-dormagen.de";"02133 257-302";"Bauteilbörse, allgemeine Infos";"Kontakt Abfallberatung";"https://dormagen.de/stadtverwaltung/stadt-dormagen/webseiten/buergerservice/civserv/service/dcService/276/";"Abfall-ABC";"http://www.dormagen.mein-abfallkalender.de/abfall_abc";;
85;;"Dorsten";"46282, 46284, 46286";"Kreis Recklinghausen";"Stadtverwaltung Dorsten ";"Entsorgungsbetrieb Stadt Dorsten (EBD)";"Ursula Eickmeier";"An der Wienbecke 15, 46284 Dorsten ";"Ursula.Eickmeier@dorsten.de ";"02362 66-5605 ";"Tausch- und Verschenkmarkt, allgemeine Infos";"Kontakt Abfallberatung";"http://www.dorsten.de/Verwaltung/Formulare.asp?seite=angebot&id=271&suchtext=";"Online-Verschenkmarkt";"http://dorsten.internet-verschenkmarkt.de/list.asp";;
86;"Kreisfreie Stadt Dortmund";"Dortmund";;;"EDG Entsorgung Dortmund GmbH ";;"Klaus Heise ";"Sunderweg 98, 44147 Dortmund ";"k.heise@entsorgung-dortmund.de, info@edg.de ";"0231 9111-360 /-111 ";"Abfallpädagogik, Ratgeber zur Abfallvermeidung, Sortierhilfe, Infomobil-Bus";"Kontakt Umweltpädagogik";"https://www.sauberes-dortmund.de/de/sonstiger-inhalt/kontakt.htm";"Tipps zur Abfallvermeidung";"https://www.sauberes-dortmund.de/de/abfallvermeidung.htm";"Broschüren zur Abfalltrennung";"https://www.edg.de/de/service/downloads.htm"
87;"Kreisfreie Stadt Dresden";"Dresden";;;"Stadtverwaltung Dresden";"Abt. Abfallwirtschaft und Stadtreinigung ";;"Grunaer Straße 2, 01069 Dresden ";"abfallberatung@dresden.de ";"0351 4889633";"Sammlung für sozialen Möbeldienst (SUFW), Gebraucht- und Verschenkmarkt, Flyer und Broschüren, Sortierhilfe in diversen Sprachen";"Kontakt Abfallberatung";"http://www.dresden.de/de/stadtraum/umwelt/abfall-stadtreinigung.php?shortcut=Abfall";"Broschüren zur Abfalltrennung";"https://www.dresden.de/de/stadtraum/umwelt/abfall-stadtreinigung/abfallberatung/Informationsmaterial.php";"Abfall-ABC";"https://www.dresden.de/de/stadtraum/umwelt/abfall-stadtreinigung/abfall-abc.php"
88;"Kreisfreie Stadt Duisburg";"Duisburg";;;"Wirtschaftsbetriebe Duisburg - AöR";;;"Schifferstr. 190, 47059 Duisburg  ";"abfallberatung@wb-duisburg.de";"0203 283-3000 ";"Sortierhilfe in diversen Sprachen, Spielzeugsammlung, Tipps zur Abfallvermeidung, Infos Repaircafés, umfangreiches Angebot Abfallpädagogik";"Kontakt Abfallberatung";"https://www.wb-duisburg.de/Umweltpaedagogik/Abfallberatung.php";"Übersicht der Angebote";"https://www.wb-duisburg.de/Umweltpaedagogik/index.php";"Website Rohstoffretter";"https://www.wb-duisburg.de/Umweltpaedagogik/rohstoffretter.php"
89;;"Dülmen";48249;"Kreis Coesfeld";"Stadtverwaltung Dülmen";"Stabsst. Umwelt- und Klimaschutz";"Herr Kahle";"Overbergplatz 3, 48249 Dülmen";"kahle@duelmen.de";"02594 12-782";"Tausch- und Verschenkmarkt, Abfallbroschüre, Sortierhilfen, Warentauschtage";"Kontakt Abfallberatung";"http://buergerservice.duelmen.de/service/dienstleistung/abfallberatung-abfallentsorgung/index.html";;"http://www.duelmen.de/entsorgung.html";;
90;;"Düren";"52349, 52351, 52353, 52355";"Kreis Düren";"Stadtverwaltung Düren";"Dürener Service Betrieb ";"Nicole Jäger, Nico Objeglo";"Paradiesstraße 17, 52349 Düren ";"n.jaeger@dn-sb.de, n.objeglo@dn-sb.de";"02421 9434-154 /-156";"Sammlung für das DGA-Möbelhaus „Nutz & Nippes“, Trennhilfen, Führungen ";;"http://dn-sb.de/kontakt.htm";"Abfall-ABC";"http://dn-sb.de/abfall_abc.htm";"Second-Hand-Möbelhaus ""Nutz und Nippes""";"http://www.dga-dueren.de/nutzundnippes.html"
91;"Kreisfreie Stadt Düsseldorf";;;;"AWISTA GmbH ";;;"Höherweg 100, 40233 Düsseldorf ";"mail@awista.de ";"0211 830-99099 ";"Broschüren, Sortierhilfen in diversen Sprachen";"Kontakt Abfallberatung";"https://www.awista-duesseldorf.de/de/content/1003/abfallberatung.htm";"Abfall-ABC";"https://www.awista-duesseldorf.de/de/content/1055/abfallabc.htm";"Infos zur Abfalltrennung";"https://www.awista-duesseldorf.de/de/content/Downloads/Downloads.htm"
92;"Landkreis Ebersberg";;;;"Landratsamt Ebersberg ";"Abfallwirtschaft und Kreisstraßen";"Werner Hötzel, Ulrike Weggel";"Eichthalstraße 5, 85560 Ebersberg  ";"abfallwirtschaft@lra-ebe.de ";"08092 823 -9244 /-9193";"Güterbörse, allgemeine Infos";"Kontakt Abfallberatung";"http://www.lra-ebe.de/Landkreis/Abfallwirtschaft.aspx?view=/kxp/orgdata/default&orgid=a8e94d4b-38ba-4ea5-b246-01d54f494ab0";"Infos zur Abfalltrennung";"http://www.lra-ebe.de/Landkreis/Abfallwirtschaft.aspx?view=/kxp/orgdata/default&orgid=4b6bece8-ec1d-4c63-bfba-a42a73732699";;
93;"Landkreis Eichsfeld";;;;"Kreisverwaltung Eichsfeld";"Eichsfeldwerke (EW) Entsorgung GmbH ";"Kornelia Schönau ";"Philipp-Reis-Straße 2, 37308 Heiligenstadt ";"service@ew-netz.de ";"03606 655-160";"Trennhilfen, allgemeine Infos";;;"Infos zur Abfalltrennung";"https://www.eichsfeldwerke.de/entsorgung/abfall-abc/";"Tipps zur Abfallvermeidung";"https://www.eichsfeldwerke.de/entsorgung/service/abfallvermeidung/"
94;"Landkreis Eichstätt";;;;"Landratsamt Eichstätt ";"Abfallwirtschaft";"Kathrin Husterer";"Residenzplatz 1, 85072 Eichstätt  ";"abfallwirtschaft@lra-ei.bayern.de ";"08421 70-342";"Abfallfibel, Trennhilfen, Abfall- und Umwelttipps";"Kontakt Abfallberatung";"http://www.landkreis-eichstaett.de/buergerservice-a-z/geschaeftsverteilung?Abfallberatung&view=org&orgid=fdc0767b-fa3b-4da6-a926-f5f9b3842d3b";;;;
95;"Landkreis Eifelkreis Bitburg-Prüm";;;;"Zweckverband Abfallwirtschaft
Region Trier (A.R.T.) ";"(für die Kreisverwaltung Eifelkreis Bitburg-Prüm)";"Abfalltelefon";"Löwenbrückener Straße 13/14, 54290 Trier";"abfall-telefon@art-trier.de";"0651 9491-414 ";"Tauschbörse, Trennhilfe in diversen Sprachen, Tipps zur Abfallvermeidung, Abfallpädagogik, Lehrmaterial";"Kontakt Abfalltelefon";"http://www.art-trier.de/cms/abfallvermeidung-1002.html";"Abfall-ABC";"http://www.art-trier.de/cms/abfall_az-1002.html";"Kontakt Untere Abfallbehörde Kreisverwaltung des Eifelkreises Bitburg-Prüm";"https://www.bitburg-pruem.de/cms/buergerservice-verwaltung/abfallentsorgung"
96;"Kreisfreie Stadt Eisenach";;;;"Abfallwirtschaftszweckverband Wartburgkreis - Stadt Eisenach (AZV) ";;"Frau Günther";"Andreasstraße 11, 36433 Bad Salzungen";"info@azv-wak-ea.de";"03695 673-404";"Trennhilfe, Tauschbörse, allgemeine Infos";"Kontakt Abfallberatung";"https://www.azv-wak-ea.de/ansprechpartner.html";"Infos zur Abfalltrennung";"https://www.azv-wak-ea.de/abfallarten.html";;
97;"Landkreis Elbe-Elster";;;;"Abfallentsorgungsverband Schwarze Elster";"(für Landkreis Elbe-Elster)";"Thomas Frahm";"Hüttenstraße 1c, 01979 Lauchhammer ";"t.frahm@schwarze-elster.de";"03574 4677-125 ";"Ausführliche Trennhilfe, allgemeine Infos zu Sammlung";"Kontakt Kundenservice";"http://www.schwarze-elster.de/ihr-aev/mitarbeiter/#1485940374251-11f4f1b6-9a83";"Abfall-ABC";"http://www.schwarze-elster.de/wohngrundstueck/abfall-abc/";;
98;"Kreisfreie Stadt Emden";;;;"Bau- und Entsorgungsbetrieb Emden (BEE)";;"Sven Domnik";"Zum Nordkai 12, 26725 Emden ";"bee@emden.de";"04921 87-5055 ";"Trennhilfe, Tipps zur Abfallvermeidung, Infos kompakt";"Kontakt Abfallberatung";"http://www.bee-emden.de/abfall/";"Infos zur Abfalltrennung";"http://www.bee-emden.de/abfall/entsorgungssystem/";;
99;"Landkreis Emmendingen";;;;"Landratsamt Emmendingen";"Eigenbetrieb Abfallwirtschaft ";"Frau Bernauer, Frau Gerstenberger";"Schwarzwaldstraße 4, 79312 Emmendingen";"a.bernauer@landkreis-emmendingen.de, a.gerstenberger@landkreis-emmendingen.de";"07641 451-9708 /-9700 ";"Sortierhilfen und Broschüren in vier Sprachen, Abfallpädagogik";"Kontakt Abfallberatung";"https://www.landkreis-emmendingen.de/verwaltung-service/abfallwirtschaft/kontakt-oeffnungszeiten/";"Abfall-ABC";"https://www.landkreis-emmendingen.de/verwaltung-service/abfallwirtschaft/abfall-abc-was-entsorge-ich-wo/abfall-abc/a/";"Informationsmaterial";"https://www.landkreis-emmendingen.de/verwaltung-service/abfallwirtschaft/informationsmaterial/"
100;"Landkreis Emsland";;;;"Kreisverwaltung Emsland";"Abfallwirtschaftsbetrieb Landkreis Emsland (AWB)";"Hedwig Lange";"Ordeniederung 1, 49716 Meppen";"hedwig.lange@awb-emsland.de ";"05931 44-1623";"Sortierhilfe in neun Sprachen, Tausch- und Verschenkbox";"Kontakt Abfallberatung";"http://www.awb-emsland.de/269.html";"Abfall-ABC";"http://www.awb-emsland.de/327.html";"Tausch- und Verschenkbox online";"http://www.awb-emsland.de/196.html"
101;"Kreis Ennepe-Ruhr-Kreis";;;;"AHE GmbH";;"Sandra Röder";"Nielandstr. 36, 58300 Wetter";"sandra.roeder@ahe.de";"02335 84577-19 ";"Abfallfibel, Sortierhilfen, Flyer, Infos kompakt";"Kontakt ""Verwaltung""";"http://www.ahe.de/ahe/team/";"Infos zur Abfalltrennung";"http://www.ahe.de/ahe/downloads/";;
102;"Landkreis Enzkreis";;;;"Landratsamt Enzkreis ";"ES Konzepte GbR im Auftrag des Landratsamts Enzkreis ";;"Pfälzerstr. 29, 75177 Pforzheim ";"abfallberatung@es-konzepte.de ";"07231 354838 ";"Sperrmüllbörse, Sortierhilfe, Reparatur- und Verleihführer, Gebrauchtwarenmarkt, Abfallpädagogik";"Kontakt Abfallberatung";"https://www.entsorgung-regional.de/index.php?show_dat=newshowtext2.php&id1=11&sn_id=53&zg=3";"Abfallvermeidungstipps";"https://www.entsorgung-regional.de/index.php?show_dat=newshowtext.php&id1=9&zg=1";"Abfall-ABC";"https://www.entsorgung-regional.de/index.php?show_dat=abfallabc/abfallabc.php&id1=5&zg=1"
103;"Landkreis Erding";;;;"Landratsamt Erding ";"Abfallwirtschaft ";"Waldemar Kaspar";"Alois-Schießl-Platz 2, 85435 Erding";"kaspar.waldemar@lra-ed.de, abfall@lra-ed.de";"08122  58-1317";"Reparaturführer, Second-Hand-Führer, Abfallfibel, allgemeine Infos";"Kontakt Abfallberatung";"https://www.landkreis-erding.de/abfallwirtschaft/abfallberatung/";"Merkblätter und Angebote";"https://www.landkreis-erding.de/abfallwirtschaft/abfallberatung/";;
104;;"Erftstadt";50374;"Kreis Rhein-Erft-Kreis";"Stadtverwaltung Erftstadt";"Umwelt-Abfall-Energie";"Dr. Kerstin Engelhardt";"Holzdamm 10, 50374 Erftstadt";"kerstin.engelhardt@erftstadt.de";"02235 409-322";"Sortierhilfen, Geschenkbörsen, Möbelbörse „Hab und Gut“, Infos kompakt";"Kontakt Abfallberatung";"http://www.erftstadt.de/web/rathaus-in-erftstadt/umwelt-abfall-energie/umweltangelegenheiten";"Abfall-Informationen";"http://www.erftstadt.de/web/rathaus-in-erftstadt/umwelt-abfall-energie/abfall-a-z";;
105;"Kreisfreie Stadt Erfurt";;;;"SWE Stadtwerke Erfurt GmbH";;"Abfall- und Wertstoffberatung";"Magdeburger Allee 34, 99086 Erfurt ";"stadtwirtschaft@stadtwerke-erfurt.de ";"0361 564-3455";"Trennhilfen, Infos kompakt, Gebrauchtwaren-Kaufhaus";"Kontakt Abfallberatung";"https://www.stadtwerke-erfurt.de/pb/79969";"""Möbelrettungsprogramm"" Stöberhaus";"https://www.stadtwerke-erfurt.de/pb/swe/produkte+_+leistungen/entsorgung/das+stoeberhaus-prinzip";"Infos zur Abfalltrennung";"https://www.stadtwerke-erfurt.de/pb/swe/produkte+_+leistungen/entsorgung/abfallarten"
106;;"Erkrath";40822;"Kreis Mettmann";"Stadtverwaltung Erkrath";;"Helga Willmes-Sternberg";"Schimmelbuschstraße 11-13, 40699 Erkrath";"abfallberatung@erkrath.de";"0211 2407-6161";"Sortierhilfe in diversen Sprachen, Broschüren, „Kreativregal“- Bücherei (Tauschaktion), Ausstellung Papierrecycling, Abfallpädagogik";"Kontakt Abfallberatung und Trenn-Tipps";"https://www.erkrath.de/index.phtml?La=1&sNavID=1630.243&mNavID=1.100&object=tx, 1630.3820.1&kat=&kuo=2&sub=0";"Tipps zur Abfallvermeidung";"https://www.erkrath.de/index.phtml?La=1&sNavID=1630.243&mNavID=1.100&object=tx, 1630.3159.1&kat=&kuo=2&sub=0";;
107;"Kreisfreie Stadt Erlangen";;;;"Stadtverwaltung Erlangen";"Amt für Umweltschutz und Energiefragen ";"Abfallberatung";"Schuhstraße 40, 91052 Erlangen ";;"09131 86-2939 ";"Broschüren, Initiative „Unverpackt einkaufen“, Aktionen und Projekte auch zu „Spenden-Schenken-Tauschen“, Sortierhilfen, Geschirrmobil, Abfallvermeidung-Tipps";"Kontakt Abfallberatung";"https://www.erlangen.de/desktopdefault.aspx/tabid-1132/19_read-15465/";"Übersicht ""Ökologische Abfallwirtschaft""";"http://www.erlangen.de/desktopdefault.aspx/tabid-1236/";;
108;"Landkreis Erlangen-Höchstadt";;;;"Landratsamt Erlangen-Höchstadt";"SG: Kommunale Abfallwirtschaft ";"Claudia Jarosch, Udo Gehrke, Sarah Weber ";"Schloßberg 10, 91315 Höchstadt a. d. Aisch";"udo.gehrke@erlangen-hoechstadt.de, sarah.weber@erlangen-hoechstadt.de, claudia.jarosch@erlangen-hoechstadt.de";"09193 20-589 /-59 /-597";"Abfallfibel, Abfallpädagogik, Geschirrpool, „Kreislauf-Kaufhäuser“, Tipps und Infos";"Kontakt Abfallberatung";"https://www.erlangen-hoechstadt.de/buergerservice/a-bis-z/abfall-tipps-und-infos/";;;;
109;"Landkreis Erzgebirgskreis";;;;"Landratsamt Erzgebirgskreis";"Zweckverband Abfallwirtschaft Südwestsachsen (ZAS) ";"Frau Neubert, Frau Paschke, Frau N. Voigt ";"Schlachthofstraße 12, 09366 Stollberg ";" u.neubert@za-sws.de, e.paschke@za-sws.de,  n.voigt@za-sws.de  ";"03735 601-6351 /-50 sowie 037296 66-282";"Sortierhilfen, Infos kompakt, Abfallratgeber";"Kontakt Abfallberatung";"http://www.za-sws.de/abfallberatung.cfm";"Abfall-ABC";"http://www.za-sws.de/abfall-abc.cfm";"Abfallkalender";"http://www.za-sws.de/abfallkalender.cfm"
110;;"Eschweiler";52249;"Kreis Städteregion Aachen";"Zweckverband Entsorgunsregion West (ZEW)";"AWA Entsorgung GmbH";"Regina Brück";"Zum Hagelkreuz 24, 52249 Eschweiler ";"regina.brueck@awa-gmbh.de ";"02403 8766353 ";"Didaktisch sehr gut aufbereitetes Infomaterial, Sortierhilfe in 14 Sprachen, Abfallwegweiser, Spielzeug-Tausch-Tag, Ausstellung „Lebensmittelverschwendung“, Abfallpädagogik, Umsonst-Laden, Online-Tauschportal";"Übersicht Abfallberatung";"http://www.awa-gmbh.de/abfallberatung/";"Online-Tauschportal";"http://tauschen-und-verschenken.de/list.asp";"Umsonst-Laden ÖMMESÖNZ";"http://www.awa-gmbh.de/abfallberatung/oemmezoenz/"
111;"Kreisfreie Stadt Essen";;;;"Entsorgungsbetriebe Essen GmbH";;"Nur allgemeine Kontaktangaben";"Pferdebahnstr. 32, 45141 Essen";"info@ebe-essen.de";"0201 854-2222 ";"Tausch- und Verschenkmarkt, Trennhilfe, Tipps zur Abfallvermeidung, Abfallpädagogik, Infos kompakt";"Übersicht Abfallberatung";"http://www.ebe-essen.de/privatkunden/abfallberatung/";"Tipps zur Abfallvermeidung";"http://www.ebe-essen.de/privatkunden/abfallberatung/praktische-tipps/";"Infos zur Abfalltrennung";"http://www.ebe-essen.de/privatkunden/abfallberatung/muell-trennen/"
112;"Landkreis Esslingen";;;;"Landratsamt Esslingen";"Abfallwirtschaftsbetrieb des Landkreises Esslingen";;"Pulverwiesen 11, 73728 Esslingen";"beratung-awb@lra-es.de ";"0 800 931 25 26";"Verschenkmarkt, Trennhilfe, Tipps zur Abfallvermeidung, Infos kompakt";"Kontakt Kundenservice";"http://www.awb-es.de/service/beratung/__Beratung.html#Kundenberatung";"Tipps zur Abfallvermeidung";"http://www.awb-es.de/abfallinfo/abfall_vermeiden/__Abfall-vermeiden.html";"Abfall-ABC";"http://www.awb-es.de/abfallinfo/abfall_abc/__Abfall-ABC.html"
113;;"Euskirchen";53879.53881;"Kreis Euskirchen";"Stadtverwaltung Euskirchen";;"Herr Klink, Frau Brenig-Olef";"Baumstr. 2, 53879 Euskirchen ";"abfallwirtschaft@euskirchen.de ";"02251 14-457 /-280";"Verschenkbörse, Trennhilfe, Infos kompakt; Kork- und CD-Sammlung";"Kontakt Abfallberatung";"http://www.euskirchen.de/service/abfallinformationen/ansprechpartner-telefonnummern/";"Infos zur Abfalltrennung";"https://www.euskirchen.de/service/abfallinformationen/die-dualen-systeme/";"Online-Verschenkbörse";"http://www.euskirchen.internet-verschenkmarkt.de/list.asp"
114;"Kreis Euskirchen";"Euskirchen Kreis";;;"Kreisverwaltung Euskirchen";;"Lothar Mehren, Guenter Adelt, Karen Beuke  ";"Jülicher Ring 32, 53879 Euskirchen ";"abfallberatung@kreis-euskirchen.de ";"02251 15-241 / -989/ -530 /-371";"Flyer und Broschüren, Abfallpädagogik, Sortierhilfen, Kompostfibel";"Kontakt Abfallberatung";"http://www.kreis-euskirchen.de/umwelt/abfall/abfallberatung.php#a0";"Infos zur Abfalltrennung";"http://www.kreis-euskirchen.de/umwelt/abfall/abfallarten.php";;
